 , threads=1, threads=2, threads=4
500x500,0.0790635,0.037705,0.0356823
1000x1000,0.276265,0.151507,0.14359
2000x2000,1.10329,0.607493,0.573613
4000x4000,4.768,2.56631,2.47712
