 , threads=1, threads=2, threads=4
500x500,0.197782,0.116598,0.105283
1000x1000,0.767636,0.469788,0.416801
2000x2000,2.98208,1.81196,1.60208
4000x4000,11.5986,7.30511,6.26943
