 , threads=1, threads=2, threads=4
500x500,0.0318856,0.0182064,0.018843
1000x1000,0.107709,0.0732421,0.0727318
2000x2000,0.474722,0.26295,0.242446
4000x4000,1.88337,1.13599,0.948914
