 , threads=1, threads=2, threads=4
500x500, 0.089966, 0.0540012, 0.0537419
1000x1000, 0.28805, 0.153244, 0.141709
2000x2000, 1.11629, 1.05225, 0.593558
4000x4000, 4.82001, 3.77408, 2.51
