 , threads=1, threads=2, threads=3, threads=4
500x500,0.00300234,0.00219401,0.00143223,0.00240066
1000x1000,0.0100227,0.00599384,0.00644151,0.00475915
2000x2000,0.036048,0.0209154,0.0250911,0.0199908
4000x4000,0.13817,0.117027,0.0968435,0.0752967
