 , threads=1, threads=2, threads=4
480x480,2.17885,1.69691,1.17405
960x960,8.24215,4.71956,4.78176
1920x1920,33.4654,19.0157,19.0488
3840x3840,132.71,76.0247,75.1295
