 , threads=1, threads=2, threads=4
480x480,4.42824,1.48696,1.17137
960x960,9.28064,4.90416,5.0363
1920x1920,34.7489,19.1279,19.0512
3840x3840,131.671,75.3514,75.104
7680x7680,524.033,302.604,300.846
