 , threads=1, threads=2, threads=4
500x500,0.0034642,0.0018796,0.00378337
1000x1000,0.0106188,0.00773334,0.00496074
2000x2000,0.0396203,0.0238524,0.019735
4000x4000,0.141733,0.0984706,0.0751646
