 , threads=1, threads=2, threads=4
500x500,0.049673,0.0279613,0.0283768
1000x1000,0.143879,0.114444,0.0685154
2000x2000,0.480934,0.282046,0.272478
4000x4000,1.92916,1.16473,1.08904
