 , threads=1, threads=2, threads=4
500x500,0.31084,0.201036,0.113474
1000x1000,0.97302,0.54591,0.447841
2000x2000,3.9008,2.16929,1.80287
4000x4000,14.7045,8.20435,6.85486
