 , threads=1, threads=2, threads=4
500x500,0.119284,0.0602036,0.064394
1000x1000,0.361421,0.201953,0.188423
2000x2000,1.41671,0.809351,0.7472
4000x4000,5.49694,3.16116,2.92008
