 , threads=1, threads=2, threads=3, threads=4
500x500,0.127362,0.078239,0.0649401,0.0635237
1000x1000,0.366237,0.207496,0.234972,0.18914
2000x2000,1.41184,1.21273,0.925007,0.747611
4000x4000,5.49894,4.33863,3.67206,2.91637
