 , threads=1, threads=2, threads=4
480x480,8.42457,4.71323,3.1462
960x960,23.8649,14.5774,11.967
1920x1920,93.2984,53.4,48.3969
3840x3840,379.685,207.806,190.34
7680x7680,1544.23,853.831,793.902
