 , threads=1, threads=2, threads=4
480x480,9.12546,5.82413,4.35328
960x960,31.6697,20.5343,16.1801
1920x1920,126.443,72.2684,64.409
3840x3840,505.601,282.951,271.481
