 , threads=1, threads=2, threads=4
480x480,5.94596,3.76534,3.12
960x960,23.0081,13.0522,11.963
1920x1920,91.5071,52.1367,47.4942
3840x3840,365.777,204.861,189.053
7680x7680,1491.78,837.91,780.127
