 , threads=1, threads=2, threads=3, threads=4
500x500,0.00896589,0.00453387,0.00439738,0.00548465
1000x1000,0.0264391,0.0141659,0.0167087,0.0130975
2000x2000,0.101944,0.0607667,0.0705102,0.073894
4000x4000,0.424913,0.225971,0.251701,0.208201
