 , threads=1, threads=2, threads=3, threads=4
500x500,0.0114001,0.00700331,0.00626741,0.00541671
1000x1000,0.0360362,0.0193821,0.0228205,0.0177081
2000x2000,0.14158,0.114943,0.0893439,0.0696471
4000x4000,0.556299,0.316316,0.3526,0.291934
