 , threads=1, threads=2, threads=4
500x500,0.119229,0.0659915,0.0655748
1000x1000,0.362005,0.201783,0.188784
2000x2000,1.40391,0.897881,0.747275
4000x4000,5.50849,3.16641,2.91713
