 , threads=1, threads=2, threads=4
500x500, 0.0902846, 0.0513224, 0.0442791
1000x1000, 0.316746, 0.196485, 0.16261
2000x2000, 1.18587, 0.662989, 0.626165
4000x4000, 4.67112, 2.68551, 2.49603
